academic_year,program,program_type,year_of_study,student_count
CAY,B.Tech CSE,UG,1,178
CAY,B.Tech CSE,UG,2,173
CAY,B.Tech CSE,UG,3,168
CAY,B.Tech CSE,UG,4,159
CAY,B.Tech ISE,UG,1,119
CAY,B.Tech ISE,UG,2,115
CAY,B.Tech ISE,UG,3,108
CAY,B.Tech ISE,UG,4,107
CAY,B.Tech ECE,UG,1,118
CAY,B.Tech ECE,UG,2,116
CAY,B.Tech ECE,UG,3,109
CAY,B.Tech ECE,UG,4,100
CAY,B.Tech AIML,UG,1,58
CAY,B.Tech AIML,UG,2,56
CAY,B.Tech AIML,UG,3,54
CAY,B.Tech AIML,UG,4,49
CAY,M.Tech CSE,PG,1,42
CAY,M.Tech CSE,PG,2,37
CAY,M.Tech VLSI,PG,1,23
CAY,M.Tech VLSI,PG,2,24
CAYm1,B.Tech CSE,UG,1,170
CAYm1,B.Tech CSE,UG,2,168
CAYm1,B.Tech CSE,UG,3,161
CAYm1,B.Tech CSE,UG,4,151
CAYm1,B.Tech ISE,UG,1,115
CAYm1,B.Tech ISE,UG,2,112
CAYm1,B.Tech ISE,UG,3,104
CAYm1,B.Tech ISE,UG,4,98
CAYm1,B.Tech ECE,UG,1,113
CAYm1,B.Tech ECE,UG,2,109
CAYm1,B.Tech ECE,UG,3,103
CAYm1,B.Tech ECE,UG,4,97
CAYm1,B.Tech AIML,UG,1,56
CAYm1,B.Tech AIML,UG,2,54
CAYm1,B.Tech AIML,UG,3,52
CAYm1,B.Tech AIML,UG,4,46
CAYm1,M.Tech CSE,PG,1,36
CAYm1,M.Tech CSE,PG,2,34
CAYm1,M.Tech VLSI,PG,1,22
CAYm1,M.Tech VLSI,PG,2,21
CAYm2,B.Tech CSE,UG,1,162
CAYm2,B.Tech CSE,UG,2,160
CAYm2,B.Tech CSE,UG,3,151
CAYm2,B.Tech CSE,UG,4,142
CAYm2,B.Tech ISE,UG,1,109
CAYm2,B.Tech ISE,UG,2,106
CAYm2,B.Tech ISE,UG,3,97
CAYm2,B.Tech ISE,UG,4,95
CAYm2,B.Tech ECE,UG,1,106
CAYm2,B.Tech ECE,UG,2,105
CAYm2,B.Tech ECE,UG,3,97
CAYm2,B.Tech ECE,UG,4,94
CAYm2,B.Tech AIML,UG,1,54
CAYm2,B.Tech AIML,UG,2,54
CAYm2,B.Tech AIML,UG,3,49
CAYm2,B.Tech AIML,UG,4,43
CAYm2,M.Tech CSE,PG,1,34
CAYm2,M.Tech CSE,PG,2,31
CAYm2,M.Tech VLSI,PG,1,22
CAYm2,M.Tech VLSI,PG,2,18
